images/1.jpg,298,430,400,471,singer
images/1.jpg,299,429,401,454,singer
images/2.jpg,117,146,164,161,singer
images/3.jpg,29,257,82,277,singer
images/4.jpg,196,88,351,111,singer
images/4.jpg,197,89,317,111,singer
images/5.jpg,227,23,336,61,singer
images/5.jpg,228,25,337,42,singer
images/6.jpg,93,131,148,149,singer
images/7.jpg,32,7,312,75,singer
images/7.jpg,1174,2039,1569,2105,singer
images/7.jpg,65,1282,390,1352,singer
images/8.jpg,116,484,321,527,singer
images/8.jpg,416,496,612,543,singer
images/9.jpg,515,3,876,83,singer
images/9.jpg,520,5,588,80,singer
images/9.jpg,597,6,869,83,singer
images/10.jpg,67,98,231,129,singer
images/11.jpg,127,431,297,519,singer
images/12.jpg,98,141,160,159,singer
images/13.jpg,312,390,435,427,singer
images/14.jpg,13,28,245,64,singer
images/14.jpg,638,26,817,87,singer
images/14.jpg,10,364,177,423,singer
images/14.jpg,17,30,170,64,singer
images/14.jpg,648,28,811,59,singer
images/14.jpg,11,368,171,399,singer
images/15.jpg,13,28,245,64,singer
images/15.jpg,638,26,817,87,singer
images/15.jpg,10,364,177,423,singer
images/15.jpg,17,30,170,64,singer
images/15.jpg,648,28,811,59,singer
images/15.jpg,11,368,171,399,singer
images/16.jpg,238,119,360,156,singer
images/17.jpg,197,149,240,164,singer
images/18.jpg,3,250,400,319,singer
images/18.jpg,108,39,287,229,singer
images/19.jpg,216,56,250,70,singer
images/20.jpg,326,177,446,217,singer
images/21.jpg,81,66,287,165,singer
images/21.jpg,88,72,274,130,singer
images/22.jpg,236,747,374,796,singer
images/23.jpg,156,172,244,198,singer
images/24.jpg,95,269,661,367,singer
images/24.jpg,108,269,856,369,singer
images/25.jpg,177,26,460,140,singer
images/25.jpg,41,96,159,137,singer
images/25.jpg,881,550,951,581,singer
images/26.jpg,283,504,383,540,singer
images/26.jpg,287,508,369,526,singer
images/27.jpg,41,117,186,149,singer
images/27.jpg,79,56,141,116,singer
images/28.jpg,273,112,368,139,singer
images/29.jpg,18,349,204,411,singer
images/29.jpg,977,359,1173,423,singer
images/29.jpg,75,363,197,385,singer
images/29.jpg,995,360,1162,394,singer
images/30.jpg,407,986,811,1091,singer
images/30.jpg,585,200,809,280,singer
images/31.jpg,154,406,830,557,singer
images/31.jpg,317,436,824,543,singer
images/31.jpg,161,413,296,551,singer
images/32.jpg,7,124,252,168,singer
images/33.jpg,53,87,137,105,singer
images/34.jpg,84,89,520,237,singer
images/34.jpg,226,111,512,168,singer
images/34.jpg,220,104,517,215,singer
images/34.jpg,464,444,590,475,singer
images/34.jpg,271,715,370,750,singer
images/34.jpg,226,713,371,760,singer
images/34.jpg,274,717,363,736,singer
images/35.jpg,294,601,391,625,singer
images/36.jpg,269,309,343,338,singer
images/37.jpg,211,161,251,175,singer
images/38.jpg,202,187,290,206,singer
images/39.jpg,248,57,293,73,singer
images/39.jpg,232,53,295,75,singer
images/40.jpg,426,206,532,232,singer
images/40.jpg,454,207,532,229,singer
images/41.jpg,447,211,528,235,singer
images/41.jpg,417,206,533,238,singer
images/42.jpg,152,319,357,354,singer
images/43.jpg,11,93,55,108,singer
images/44.jpg,279,126,781,271,singer
images/44.jpg,413,140,760,216,singer
images/44.jpg,282,417,489,473,singer
images/45.jpg,344,387,435,411,singer
images/46.jpg,17,12,367,66,singer
images/47.jpg,90,249,193,280,singer
images/48.jpg,25,150,72,166,singer
images/49.jpg,451,212,704,253,singer
images/49.jpg,696,305,934,463,singer
images/50.jpg,7,12,470,95,singer
images/50.jpg,118,22,460,90,singer
